{
  "ot_distances": [
    1.040260280408075,
    1.1429866419433798,
    1.3124735124412727,
    0.5725910452155473,
    0.5369014102217246,
    0.5325708615214826,
    0.5711068344025461,
    0.6158522353099016,
    0.6670575769390038,
    0.7416118255961338,
    0.6845012338873587,
    0.6862129653118516,
    0.7544472814156838,
    0.7559430485007179,
    0.9598150477468678,
    0.972231985951067,
    0.894027115279921,
    0.9474187007681906,
    0.989433551123839,
    1.0622800419982241,
    1.1402998154629735,
    1.1413545722819574,
    1.2035674252982862
  ],
  "phase_transitions": [],
  "statistics": {
    "layer_0": {
      "mean_norm": 112.19547271728516,
      "std_norm": 11.2366361618042,
      "mean_activation": -0.11779389530420303,
      "std_activation": 3.5216798782348633,
      "sparsity": 0.0,
      "rank": 921.0,
      "condition_number": 28147.353515625
    },
    "layer_1": {
      "mean_norm": 124.70575714111328,
      "std_norm": 11.218032836914062,
      "mean_activation": -0.1286562830209732,
      "std_activation": 3.910675048828125,
      "sparsity": 0.0,
      "rank": 939.0,
      "condition_number": 20426.978515625
    },
    "layer_2": {
      "mean_norm": 135.2947235107422,
      "std_norm": 37.110862731933594,
      "mean_activation": -0.14314670860767365,
      "std_activation": 4.381791114807129,
      "sparsity": 0.0,
      "rank": 995.0,
      "condition_number": 11868.8720703125
    },
    "layer_3": {
      "mean_norm": 189.30596923828125,
      "std_norm": 425.60400390625,
      "mean_activation": -0.20089203119277954,
      "std_activation": 14.555061340332031,
      "sparsity": 0.0,
      "rank": 917.0,
      "condition_number": 23776.484375
    },
    "layer_4": {
      "mean_norm": 198.5916290283203,
      "std_norm": 435.8578186035156,
      "mean_activation": -0.21051205694675446,
      "std_activation": 14.966279029846191,
      "sparsity": 0.0,
      "rank": 965.0,
      "condition_number": 16119.8955078125
    },
    "layer_5": {
      "mean_norm": 209.586669921875,
      "std_norm": 452.45330810546875,
      "mean_activation": -0.21947909891605377,
      "std_activation": 15.580915451049805,
      "sparsity": 0.0,
      "rank": 987.0,
      "condition_number": 13444.5556640625
    },
    "layer_6": {
      "mean_norm": 219.28216552734375,
      "std_norm": 461.8708190917969,
      "mean_activation": -0.22788973152637482,
      "std_activation": 15.97593879699707,
      "sparsity": 0.0,
      "rank": 999.0,
      "condition_number": 11076.876953125
    },
    "layer_7": {
      "mean_norm": 227.32150268554688,
      "std_norm": 466.3744812011719,
      "mean_activation": -0.23090697824954987,
      "std_activation": 16.211660385131836,
      "sparsity": 0.0,
      "rank": 1007.0,
      "condition_number": 9891.6865234375
    },
    "layer_8": {
      "mean_norm": 232.5810089111328,
      "std_norm": 469.1893005371094,
      "mean_activation": -0.22992046177387238,
      "std_activation": 16.363136291503906,
      "sparsity": 0.0,
      "rank": 1011.0,
      "condition_number": 9395.5107421875
    },
    "layer_9": {
      "mean_norm": 236.32904052734375,
      "std_norm": 469.5016174316406,
      "mean_activation": -0.22596293687820435,
      "std_activation": 16.424270629882812,
      "sparsity": 0.0,
      "rank": 1018.0,
      "condition_number": 7781.7158203125
    },
    "layer_10": {
      "mean_norm": 242.05076599121094,
      "std_norm": 469.4802551269531,
      "mean_activation": -0.21469253301620483,
      "std_activation": 16.505001068115234,
      "sparsity": 0.0,
      "rank": 1021.0,
      "condition_number": 7127.14501953125
    },
    "layer_11": {
      "mean_norm": 248.32138061523438,
      "std_norm": 468.6584167480469,
      "mean_activation": -0.20732270181179047,
      "std_activation": 16.5731143951416,
      "sparsity": 0.0,
      "rank": 1023.0,
      "condition_number": 6862.21826171875
    },
    "layer_12": {
      "mean_norm": 256.6876220703125,
      "std_norm": 467.59320068359375,
      "mean_activation": -0.18995554745197296,
      "std_activation": 16.668149948120117,
      "sparsity": 0.0,
      "rank": 1024.0,
      "condition_number": 6352.79248046875
    },
    "layer_13": {
      "mean_norm": 266.6894226074219,
      "std_norm": 466.43505859375,
      "mean_activation": -0.16661496460437775,
      "std_activation": 16.789609909057617,
      "sparsity": 0.0,
      "rank": 1024.0,
      "condition_number": 5933.85986328125
    },
    "layer_14": {
      "mean_norm": 277.77777099609375,
      "std_norm": 465.09619140625,
      "mean_activation": -0.13975225389003754,
      "std_activation": 16.928590774536133,
      "sparsity": 0.0,
      "rank": 1024.0,
      "condition_number": 5413.052734375
    },
    "layer_15": {
      "mean_norm": 293.8755798339844,
      "std_norm": 463.22442626953125,
      "mean_activation": -0.10390021651983261,
      "std_activation": 17.142799377441406,
      "sparsity": 0.0,
      "rank": 1024.0,
      "condition_number": 5229.75634765625
    },
    "layer_16": {
      "mean_norm": 313.80914306640625,
      "std_norm": 460.4275817871094,
      "mean_activation": -0.06456990540027618,
      "std_activation": 17.412322998046875,
      "sparsity": 0.0,
      "rank": 1024.0,
      "condition_number": 4732.17138671875
    },
    "layer_17": {
      "mean_norm": 339.5887756347656,
      "std_norm": 456.737060546875,
      "mean_activation": -0.01795736514031887,
      "std_activation": 17.78586196899414,
      "sparsity": 0.0,
      "rank": 1024.0,
      "condition_number": 4205.00390625
    },
    "layer_18": {
      "mean_norm": 372.9014892578125,
      "std_norm": 451.00994873046875,
      "mean_activation": 0.027215128764510155,
      "std_activation": 18.28765106201172,
      "sparsity": 0.0,
      "rank": 1024.0,
      "condition_number": 3991.90966796875
    },
    "layer_19": {
      "mean_norm": 419.85650634765625,
      "std_norm": 442.0682373046875,
      "mean_activation": 0.08865149319171906,
      "std_activation": 19.052143096923828,
      "sparsity": 0.0,
      "rank": 1024.0,
      "condition_number": 3480.519287109375
    },
    "layer_20": {
      "mean_norm": 473.5758972167969,
      "std_norm": 430.2906799316406,
      "mean_activation": 0.14099113643169403,
      "std_activation": 19.995208740234375,
      "sparsity": 0.0,
      "rank": 1024.0,
      "condition_number": 3313.4375
    },
    "layer_21": {
      "mean_norm": 582.2644653320312,
      "std_norm": 409.8017883300781,
      "mean_activation": 0.20454178750514984,
      "std_activation": 22.249618530273438,
      "sparsity": 0.0,
      "rank": 1024.0,
      "condition_number": 3214.633544921875
    },
    "layer_22": {
      "mean_norm": 769.0397338867188,
      "std_norm": 177.68675231933594,
      "mean_activation": 0.26922351121902466,
      "std_activation": 24.66415786743164,
      "sparsity": 0.0,
      "rank": 1024.0,
      "condition_number": 3815.47802734375
    },
    "layer_23": {
      "mean_norm": 907.01611328125,
      "std_norm": 169.12115478515625,
      "mean_activation": 0.5426488518714905,
      "std_activation": 28.82766342163086,
      "sparsity": 0.0,
      "rank": 1024.0,
      "condition_number": 3761.1123046875
    }
  },
  "entropies": [
    7.141955852508545,
    7.142913818359375,
    7.12100887298584,
    6.5122480392456055,
    6.533461570739746,
    6.547685623168945,
    6.568387985229492,
    6.590295791625977,
    6.603426933288574,
    6.615299701690674,
    6.633419990539551,
    6.653487205505371,
    6.678495407104492,
    6.705816268920898,
    6.7332763671875,
    6.768414497375488,
    6.806652069091797,
    6.847877502441406,
    6.891632080078125,
    6.939109802246094,
    6.980328559875488,
    7.033062934875488,
    7.125803470611572,
    7.127505302429199
  ],
  "num_layers": 24,
  "sparsity_analysis": {
    "layer_0_to_1": {
      "sparsity_ratio": 0.0,
      "entropy": 11.26423140022599,