{
  "ot_distances": [
    0.7225262382430324,
    0.2866666235761958,
    0.08858499425651774,
    0.09946789488263912,
    0.11365226649977832,
    0.11684815403170008,
    0.113034711870763,
    0.12603569913452012,
    0.1419165787726501,
    0.16598426586995443,
    1.2847374326883618
  ],
  "phase_transitions": [],
  "statistics": {
    "layer_0": {
      "mean_norm": 61.96898651123047,
      "std_norm": 27.017818450927734,
      "mean_activation": 0.020042773336172104,
      "std_activation": 2.4393181800842285,
      "sparsity": 0.0,
      "rank": 507.0
    },
    "layer_1": {
      "mean_norm": 111.3980941772461,
      "std_norm": 169.61181640625,
      "mean_activation": 0.08895724266767502,
      "std_activation": 7.321808815002441,
      "sparsity": 0.0,
      "rank": 487.0
    },
    "layer_2": {
      "mean_norm": 302.1857604980469,
      "std_norm": 739.48974609375,
      "mean_activation": 0.3848722279071808,
      "std_activation": 28.823444366455078,
      "sparsity": 0.0,
      "rank": 349.0
    },
    "layer_3": {
      "mean_norm": 319.9523010253906,
      "std_norm": 793.7017211914062,
      "mean_activation": 0.4016990661621094,
      "std_activation": 30.877107620239258,
      "sparsity": 0.0,
      "rank": 394.0
    },
    "layer_4": {
      "mean_norm": 340.5755615234375,
      "std_norm": 835.44189453125,
      "mean_activation": 0.4289831221103668,
      "std_activation": 32.55231857299805,
      "sparsity": 0.0,
      "rank": 429.0
    },
    "layer_5": {
      "mean_norm": 356.0715026855469,
      "std_norm": 860.7102661132812,
      "mean_activation": 0.4427599310874939,
      "std_activation": 33.60808181762695,
      "sparsity": 0.0,
      "rank": 456.0
    },
    "layer_6": {
      "mean_norm": 369.9883728027344,
      "std_norm": 874.3270874023438,
      "mean_activation": 0.46240249276161194,
      "std_activation": 34.25499725341797,
      "sparsity": 0.0,
      "rank": 471.0
    },
    "layer_7": {
      "mean_norm": 382.5631408691406,
      "std_norm": 881.1995239257812,
      "mean_activation": 0.48051512241363525,
      "std_activation": 34.661495208740234,
      "sparsity": 0.0,
      "rank": 483.0
    },
    "layer_8": {
      "mean_norm": 397.0715637207031,
      "std_norm": 883.2344970703125,
      "mean_activation": 0.4938940703868866,
      "std_activation": 34.94008255004883,
      "sparsity": 0.0,
      "rank": 490.0
    },
    "layer_9": {
      "mean_norm": 423.0022888183594,
      "std_norm": 878.162353515625,
      "mean_activation": 0.5056365728378296,
      "std_activation": 35.16893005371094,
      "sparsity": 0.0,
      "rank": 495.0
    },
    "layer_10": {
      "mean_norm": 508.677001953125,
      "std_norm": 850.8391723632812,
      "mean_activation": 0.638961136341095,
      "std_activation": 35.76482009887695,
      "sparsity": 0.0,
      "rank": 499.0
    },
    "layer_11": {
      "mean_norm": 518.19140625,
      "std_norm": 82.39990234375,
      "mean_activation": -0.0904587134718895,
      "std_activation": 18.933332443237305,
      "sparsity": 0.0,
      "rank": 507.0
    }
  },
  "entropies": [
    6.189793586730957,
    5.629942417144775,
    4.809271335601807,
    4.7722015380859375,
    4.802707672119141,
    4.841681957244873,
    4.899198055267334,
    4.960826873779297,
    5.040069580078125,
    5.18083381652832,
    5.518852710723877,
    6.248350620269775
  ],
  "num_layers": 12,
  "comparison": {
    "ot_distances": [
      0.7225872320656221,
      0.2866754339819502,
      0.08858641367254579,
      0.09946620660542527,
      0.11364869542645623,
      0.11684890977375374,
      0.11303150846390952,
      0.12598679381007702,
      0.14172815201485897,
      0.16600166934627653,
      1.2847177147552478
    ],
    "simple_distances": {
      "euclidean": [
        116.2471694946289,
        443.73199462890625,
        495.6532897949219,
        526.8383178710938,
        549.1171875,
        563.6607666015625,
        572.9600219726562,
        579.4178466796875,
        585.0239868164062,
        593.5479125976562,
        575.84814453125
      ],
      "cosine": [
        0.6943488121032715,
        0.39726921916007996,
        0.354398638010025,
        0.35567179322242737,
        0.35705408453941345,
        0.358563095331192,
        0.3598337471485138,
        0.361163467168808,
        0.36374151706695557,
        0.3723565936088562,
        1.2114734649658203
      ],
      "manhattan": [
        242.1016483704792,
        593.0427140788593,
        651.7801860788128,
        703.2244400384428,
        746.0846394240527,
        777.5534726962414,
        799.2880806384579,
        818.1947539644999,
        843.5129535952192,
        888.0221147778025,
        987.6489029902608
      ]
    }
  }
}